text,label
the last time chinese stocks performed this poorly the country was in the middle of a massive market meltdown,0
qudian sinks 53 after year guidance revenue shrinks,0
$uso $xle $oil  opec confirms deeper oil production cut crude oil jumps,1
$ottw  ottawa savings bancorp reports q4 results,2
us farms face crop losses due to foreign worker delays economy marketscreener,0
fda accepts bioepis application for avastin biosimilar,1
reliance global executes contract on 260unit apartment property,2
exclusive chinas baic raising daimler stake to unseat geely as top shareholder  sources,2
coronavirus fears raise market expectations for fed rate cut in march  by bcheungz,2
clne trxc tge and adms among midday movers,2
spot on once again! esf $spy guidance matters when it comes to taking individual trades,2
boeing mulls trimming or suspending 737 max production  wsj,2
chess did the international master trap or was he trapped?,2
china theft crackdown fed inequality negative rates eco day,2
impeachment investigators dont know exactly rudy giuliani said in phone calls regarding ukraine but i guarantee,2
$sqns  sequans communications sa sqns ceo georges karam on q4 2019 results  earnings call transcript,2
grubhubs growth decelerates for the fifth straight quarter,0
$biib  biogen biib presents aducanumab phase 3 topline results  slideshow read more and get updates on any sto,2
how should investors react to future plcs lonfutr ceo pay?,2
oil slips but holds near 2month high as looming opec meeting expected to yield deeper cuts,0
the medicines company up 2 premarket on positive inclisiran data,1
indias ecblike move to inject cash stokes shortterm bonds,2
oil ends at its lowest level in more than a year as us prices sink below $50,0
bain capital buys apaxbacked engineering group in reported 16bn deal neuberger berman reinvests,2
do institutions own norbit asa obnorbit shares?,2
$ggg  graco declares $0175 dividend,2
$enlc  enlink midstream rallies on back of devon energys stack partnership,1
harbor capital advisors launches six new harbor funds,2
trumps bilat trade strategy failed with china deal podcast,2
us economy is in a contraction says larry kudlow adding that it could reopen in four to eight weeks,0
we shouldnt strip us terrorists of citizenship,2
erik prince held secret talks in caracas with maduros no 2,2
$hp  more pain in sight for helmerich  payne sign up for updates on seeking alpha!  markets investing trading,0
a once in a decade divergence warns this global macro fund,0
partisan fingerpointing in congress threatens to poison the debate when lawmakers try to find another emergency bo,2
is the plague making a comeback? actually it never went away,2
achv,2
citizens are angry and governments are struggling to respond,2
new jersey resources eps inline misses on revenue,2
jacobs wins cyber crime and training contract,2
uber loses license in london,0
glu mobile inc gluu sinks 271 today breaking down the root causes  find news,0
citizen journalist covering virus outbreak from wuhan goes missing,2
shepard smith made his first public appearance after he abruptly left fox news last month to speak about press free,2
achieve life sciences down 34 after pricing equity offering,0
corcept prevails in korlym patent challenge shares up 4,1
wall street hits record high as trade hopes rise,1
consumer sentiment up in decemeber,1
michael gove warns the logistics industry to prepare for strict border controls between britain and the eu after br,2
$oibrc  oi sa is transforming into a leading telecom infrastructure wholesaler for 5g in brazil sign up for up,1
opinion the explosion of a volcano in new zealand on monday once again raised the question of whether eruptions ca,2
us to block irans request to imf for $5 billion loan to fight coronavirus  update economy marketscreener,2
$wing  baird returns to wingstop bull camp,2
crowd media  ceos agm presentation crowdmedia stock marketscreener,2
volaris reports 184 growth in january traffic,1
more than half of generation z is already saving for a home according to bank of americas 2019 fall homebuyer ins,2
"recap 1122 pos comments
$aptv  wolfe
$alv  wolfe
$vc  wolfe
$hmlp  dnb markets
$hepa  brookline",1
what to do if youre one of the 75 million seniors who cant afford prescriptions,2
stock market news live stocks sink despite blowout january jobs data,0
price of gold fundamental daily forecast  us dollar uptick limiting golds gains,0
chinas state gridnears oman electricity stake purchase,2
here are 12 key things to know about the federal reserve system,2
wework set to lay off thousands  nyt,0
google makes another cloud acquisition during antitrust probe,2
tech up as investors rush back to speculative areas  tech roundup economy marketscreener,1
budget 2020 provides discreet and considered stimulus finance minister,2
giuliani giving ukraine data to justice department barr says,2
warren calls out blackstone for shameless profits from housing,2
finance ministry working on financial resolution and deposit insurance bill says sitharaman,2
socgen ceo confident we can improve net income profitability in 2020,1
saudi arabia is ramping up crude oil production in a bid to win a price war insights via cmegroup,2
california wont buy from automakers who sided with trump,2
want to see holograms overlayed on the world around you? microsoft has made its augmented reality device  hololens,2
$rrgb  buy red robin gourmet burgers if the company announces it is willing to sell read more and get updates on,2
dragonfly capital premium is open to all an open house! earnings trade short term scans macro review and sunday,2
stock market update futures extend last weeks record run,1
instead of universal basic income try universal basic stakeholding,2
jobless claims hit multiyear low,1
hedge funds are warming up to celestica inc cls,1
energy up as exxon cuts capex spending  energy roundup economy marketscreener,1
raid on egypts last independent news website causes chill,2
gopros share price has had a ride as turbulent as some of the heartstopping stunt videos the camera is responsibl,0
lhv  loans of existing danske bank clients were transferred to lhv pank lhv stock marketscreener,2
$x $mt $tmst  us steel hikes hrc prices by $30ton steel stocks rise,1
us consumers fear for jobs debt payments because of coronavirus new york fed survey,0
aurelius equity opportunities  files criminal complaint against the responsible managers  aurelius stock,2
hedge funds have never been this bullish on radiant logistics inc rlgt,1
$schyy  sands china deploying capital into the expansion of premium mass offerings makes the stock buy read more,2
the oil industrys radioactive secret,2
denbury resources inc dnr are hedge funds right about this stock?,2
water is life too little and we cannot survive too much could be deadly climatechange is increasing droughts,2
the moment the windows get smashed on teslas new cybertruck,2
$sjm  the j m smucker company 2019 q2  results  earnings call presentation get more info on seeking alpha,2
aurora cannabis stock price target cut to c$100 from c$175 at stifel nicolaus,0
us stocks give back gains end modestly lower sp500 index marketscreener,0
eia natural gas report is due in 5 minutes and the petroleum report is due 30 minutes after that,2
credit suisses top investor wants chairman to follow ceo out,0
hillhouse capital to bid for thyssenkrupp elevator unit  bloomberg,2
hedge funds have never been this bullish on adesto technologies corporation iots,1
the ecb ramped up its government bond buying program even before it boosted quantitative easing by an extra $805 bi,2
is hess stock a buy?,2
wall street has slammed the brakes on one of 2019s hottest stockmarket funds,0
jeol  form 83   jeol stock marketscreener,2
canadas oilsands industry may have already built its last big mine,2
should i buy or sell tesla stock right now?,2
ice dollar index off less than 01 at 97774 after data,0
singapore frees listed local developers from homesale rule,2
$work 14 pre slack work prices upsized offering of $750 million 050 convertible senior notes due 2025  si,1
highlight realsportshbo correspondent david scott talks about the 2011 fukushima nuclear disaster and the 2020 ol,2
xpo announces new cfo watches for coronoavirus impact,2
aveo pharma up 4 on advancement of tivozanib,1
7 tech stocks to buy that are also perfect for retirement  investorplacecom,2
algos buying bonds because other algos buying stocks,2
trump has asked the supreme court to stop deutsche bank and capital one from handing over his financial records to,2
global shares cautious ahead of us jobs data report,2
watch  president xi jinping says china wants to work out an initial trade pact with the us his comments sent glo,2
hammond power solutions declares cad 007 dividend,2
once we have more clarity about the new coronavirus outbreak expect interest rates to rise says quicken loans ceo,2
todays free feature strategy meeting key points bullish close to 2019 but risks remain $fdx $fslr $cldr $clf,2
uk seeks big tariff reductions in us trade deal,2
$asbfy  associated british foods high quality organically growing business at a reasonable price get more info o,1
the fed can lend to anybody watch live as bernanke holds virtual discussion on us economy,2
gwyneth paltrow wont get pushed around by venture capitalists,2
northzone pulls in $500m for oversubscribed fund ix close,2
$dva  davita q4 earnings up 51 shares up 4 after hours,1
purple innovation initiated at overweight with $12 price target at keybanc capital,1
$uso $xle $oil  oil slides amid output uncertainty forecast for big cushing stockpile gain,0
"you dont need alcohol to enjoy thanksgiving

instead celebrate drygiving with these nonboozy alternatives

r",2
brixmor property declares $0285 dividend,2
$prosy $prosf  prosus nv 2020 q2  results  earnings call presentation keep reading,2
there are 4 main paths to becoming a millionaireand this one is the easiest says money expert via cnbcmakeit,2
the 10 most surprising health complications from the flu,2
apple is using a new app to get volunteers for research on hearing heart disease and womens health,2
$aapl  india confirms iphone exports,2
$has  hasbro gains after ubs upgrade,1
$snap 19 pre loop capital upgrades snap inc snap to buy $20 pt $20 pt,1
olin corp stock price target raised to $23 vs $22 at bofa merrill lynch,1
coronavirus cases worldwide are going up very steeply says nih director francis collins,2
"stocks at the close
 dow down 015 
 nasdaq down 033 
 sp down 018",0
canada goose cuts forecast on coronavirus impact shares plunge,0
morgan stanley hires former aig executive to lead global support centers economy marketscreener,2
floridas adult arcades are magnets for armed robberies jacksonville may have figured out a way to stop the mayh,2
delayed us corn harvest has resulted in chaos for trade routes,2
pound falls as boris johnson taken to intensive care for covid19  by oscarwgrut,0
imx hits sevenyear low in march,0
bright side maher and garrett can share an uber when they arent allowed back on the team bus,2
botswana sells rights to kill elephants for $43000 per head,2
cymabay shares fall 77 on halted trial,0
$m  macys to test new concept,2
china travel bans leave thousands stranded around the world,2
facebook is resisting attorney general william barrs calls to delay rollout of encryption technology across its pl,2
stock exchange losing money on a good trade  seeking alpha,2
roku is here to tell you that you can still watch the super bowl,2
amazon moves to depose trump in lawsuit over $10 billion jedi contract  freezerohedge,2
emersons new virtual reality simulation improves workforce safety and speeds training,2
$ebay ebay confirms deal to sell stubhub to viagogo for a purchase price of $405 billion in cash,2
adtalem global education  nipa american university of the caribbean school of medicine a,2
sbfgp,2
how this company makes meat alternatives out of air,2
markets trending lower despite positive jobs report,0
stocks face 50 odds of correction in 2020 vanguards davis says,0
communications services up as investors hedge on media industrys prospects  communications services roundup,1
"think changing your password often will keep you safe? think again

bloomberg reporter williamturton explains som",2
us$5100  thats what analysts think grubhub inc is worth after these results,2
oi s a  material fact  reply to b3 official letter 276 kb oisa stock marketscreener,2
urovant sciences to report 2019 third fiscal quarter financial results,2
wall street surges as china financial measures soothe virus worries,1
ealings downturn hits highpriced houses,0
the salary information released by intel today isnt flattering  and is information the company didnt have to sha,2
financial 15 split declares cad 01257 dividend,2
wall street set for higher open as trade deal hopes build,1
home depot stock price target cut to $237 from $240 at instinet,0
avis budget  taps former kraft heinz ceo as chairman avisbudget stock marketscreener,2
read this before you buy twitter inc nysetwtr because of its pe ratio,2
after cutting 4000 jobs gm is hiring but not for traditional gasolinepowered vehicles,2
citi gives big boost to deere pt,1
goldman says political gridlock to propel stocks in 2020 united we fall divided we rise,1
carlyle others invest in amex corporatetravel business,2
rio tinto downgraded to neutral from overweight at jp morgan,0
report apples fortunes in china turn around after iphone 11 launch,1
$trnx taronis provides summary of shareholder town hall  taronis fuels generated record fourth quarter unaudited,2
barclays executives lawyer likens prosecutor to titanic captain,2
upland software acquires localytics raises guidance,1
nba legend magic johnson lebron james is the favorite to win mvp  by briansozzi,2
a global guide to usbacked uprisings,2
nvent electric acquires wbt business,2
is jazz pharmaceuticals plcs nasdaqjazz ceo paid at a competitive rate?,2
$nesrf  northern star resources declares aud 0075 dividend,2
42 arrested after protest delays harvardyale football game,2
china iron ore surges to over 4month high as supply uncertainties loom,0
$play  dave  busters 3 after guidance satisfies,1
prince gets his $2 trillion aramco but victory comes at a cost,2
fortinet stock price target raised to $120 from $110 at monness crespi hardt,1
pge fire victims waive deadline for governors ok of reorganization plan,2
nigerias petroleum bill to be passed by mid2020 says oil minister economy marketscreener,2
emini nasdaq100 index nq futures technical analysis  trade through 821625 changes trend to down,0
hasbro upgraded on earnings growth potential from entertainment one acquisition,1
tmobile says ceo john legere will be replaced next year by mike sievert,2
bankers say guidance for the small business program isnt clear,2
averages edges higher,1
treasury yields inch higher after economic data,1
mild weather boosts us job growth unemployment rate rises,1
live now press conference with fomc chair powell  and,2
q1 earnings preview for palo alto networks,2
some officials worried about the banks decision to drop selfimposed limits on the ecbs bond purchases,0
americans outlook on the economy faltered significantly last month as the coronavirus crisis began to take hold in,0
lhc,2
jpmorgan chase chief jamie dimon said he expects the coronavirus crisis to include a bad recession and elements o,0
a lot of people feel defeatedtrump always wins it seems like nothing can stop him danny villazon  nytimes,2
usdjpy forex technical analysis  likely to strengthen over 108866 weaken under 108690,2
update 1thyssenkrupp kone discuss multibillion euro breakup fee  sources,2
cardinal health fights to break downtrend cah  marketbeat,2
$ocul  ocular therapeutix ocul presents at jefferies global healthcare conference  slideshow sign up for updat,2
$ptozf  plato gold reports q3 results,2
weekend reads earn $100000 a year and pay no federal income tax,2
who gets face masks in a pandemic? politicians arent so sure,2
best and worst q4 2019 mid cap blend etfs and mutual funds sign up for updates on seeking alpha!,2
nu oil and gas  holdings in company nov 25 2019 nuoilandgas stock marketscreener,2
blockbusters like frozen 2 will make disney the first studio to earn $10 billion at the global box office in a si,1
$comdx metals settlement prices,2
twitter beats revenue user growth estimates in fourth quarter,1
constellation brands goes exdividend on monday,2
what is the ted spread telling investors about the credit market?,2
$pbpb  potbelly cfo steps down,2
we asked people elon musks favorite interview question and only 1 could guess the answer correctly can you?,2
a new problem for clean energy dealing with old windmill blades,2
the reason why most traders fail is simple would you get into a formula 1 race car and expect to compete with the,2
wynn resorts announces private offering of $350 million of wynn resorts finance senior notes due 2025,2
meta financial declares $005 dividend,2
us offers china tariff rate cut announcement imminent,1
climate change protesters disrupt dc rushhour traffic,2
imf likely to downgrade indias growth forecast significantly in january says gita gopinath,0
since sports betting became legal in the us the gaming industry has been on the hunt for american consumers tony,2
general mills declares $049 dividend,2
4 bond etfs that earned morningstars gold rating,2
tech retakes leadership role with chips and cloud names moving higher i see a pattern  seeking alpha,2
stocks suffer shocking down week as fed balance sheet unexpectedly shrinks,0
thanksgiving in its early form carried much of the moral savour of the protestant calendar which replaced saints d,2
us gasoline futures tumbled to their lowest level since 1999with some pump prices already below $1as coronaviru,0
china basically has 3 ways it can retaliate against the us in the trade war one called the nuclear option in,2
real selling begins as ctas start liquidating dealer gamma flips negative,0
despite its high pe ratio is l e lundbergfretagen ab publ stolund b still undervalued?,2
$r  assessing if ryder systems dividend is sustainable  trading stocks economy,2
$dis 06 pre frozen 2 walt disney animation studios highest grossing debut ever,1
bancorp 34 declares $005 dividend,2
john bercow reveals boris johnsons tennis trick,2
as liquidation threat looms jet airways bidders still not ready,0
its the first election in the us to enable any resident to vote by phone,2
milestones expansion continues opens big spring facility in northern midland basin,1
prime mining comments on recent promotional activity,2
novonix  bts wins discovery award for innovation novonix stock marketscreener,2
stock futures advance after china ip announcement  by emilymcck,1
canopy growth gets health canada license for beverage facility,1
general motors to invest $15 billion in missouri plant,2
does adidas ags etrads ceo salary reflect performance?,2
midafternoon market update dow tumbles more than 500 points world wrestling entertainment shares plummet,0
no phase two uschina deal on the horizon officials say  reuters,2
s african airways cuts foreign local routes to stay afloat,0
$phat  phathom pharmaceuticals eps of $930,0
dow industrials climbs past 28000 for first time  chron,1
pot stock hits keep coming as biden knocks weed ahead of meeting,0
startup stories the making of an indian superhero,2
top and flop etfs of last week,2
hate paying income taxes? these 9 states dont have them,2
$ondk  ondeck capital q4 2019 earnings preview,2
the fed and the treasury will start buying debt issued by banks that lend through the governments small businesses,2
the economic costs of the coronavirus contagion have started to show up in the data for the middle east,0
hexagon ab publ stohexa b should the recent earnings drop worry you?,2
$admp  adamis pharma 61 on fdas zimhi rejection,0
electronic manufacturing services industry procurement intelligence report  evolving opportunities with jabil inc and flex ltd in the electronic manufacturing services industry  spendedge,2
good for him but these market makers have no affirmative responsibility to make markets in times of stress  in o,2
new york joins states suing ecigarette maker juul,0
cf industries upgraded to buy vs neutral at bofa merrill lynch,1
protalix bio 25 premarket on successfully completing prebla meeting for accelerated approval of prx102,1
should i use a pay card?,2
highlight taylor swifts drama amped it up big time variety senior music editor jemaswad says about last nig,2
fed nominee judy shelton faces bipartisan concerns in senate,2
rally may stall for malaysia stock market  nasdaq,0
economic recovery narrative doomed fathoms china momentum indicatorsignalsmore downside ahead,2
3 canadian biotechs to consider buying today,2
top trump adviser says uk slips behind eu in trade priorities,2
the feds interventions are aimed at ensuring that the financial system has enough liquidity and that shortterm bo,2
novo nordisk  disclosure of transaction data novonordisk stock marketscreener,2
$iwm opens up 4 above its recent range and value area for apr opex cycle,1
macquarie  ceasing to be a substantial holder for eld macquarie stock marketscreener,2
$econx november unemployment rate 35 vs 36  consensus,1
sp 500 up 06 dow up 04 nasdaq up 09,1
$sol  renesola ltd 2019 q3  results  earnings call presentation keep reading  markets finance economy,2
huawei sues verizon in us for multiple patent violations,0
the buyer knows that bananas go bad in a week right?,2
stock market update stock market set for higher open despite relative weakness in retailers,1
read here for instant analysis of the federal reserves interest rate decision and chairman powells press conferen,2
jefferies 25 after kbw expects stock buyback,1
financials up on signs of creditmarket stability  financials roundup economy marketscreener,1
$big  shorts fried as big lots jumps 26 postresults,1
sunpower to offer 22 mln common shares to the public,2
$optnx early options activity,2
$optt in the recent conference call ceo said no need to raise funds,2
$krc  kilroy realty declares $0485 dividend,2
nordea bank ceo on earnings reorganization negative rates,2
dean of valuation says saudis got the aramco valuation right but hes still not buying,2
era of stratospheric profits for banks is over bradesco ce0 says,0
hk shares end at 1week high on stimulus prospects alibaba boost,1
unlike its competitors makerdao isnt backed by governmentissued currencies but by other cryptocurrencies,2
eskom yields fall as restructure chief says debt plan days away,2
income lab ideas distribution cut  dont panic get more updates here  trading finance economy,2
gold prices settle higher for a second straight session,1
merger monday roars back  lvmh buys tiffany charles schwab buys td ameritrade  by,2
stocks making the biggest moves premarket td ameritrade charles schwab tesla  more,2
dpw reaches agreement with a family office to resolve debt previously in default,2
bae systems us gets a new ceo in april,2
lackluster us retail sales cast shadow on fourthquarter economic growth,0
us productivity rises in fourth quarter,1
did schiff turn trump into billionaire martyr with illadvised impeachment gambit?,2
former federal reserve chairwoman janet yellen thinks americas banks should slam the brakes on dividends to make s,2
wells fargo downgrades netflix if content is king then cash is queen,0
$cnk  cinemark holdings cnk presents at southwest ideas investor conference  slideshow get more updates here,1
japan goes into reverse on going green,0
heres why renewable energy group shares jumped as much as 439 today,1
kylie jenner sells $600 million stake in beauty line to coty,2
concern about the spread of the coronavirus has energy stocks falling along with the broader market tonythestreet,0
if you had bought cenovus energy tsecve stock five years ago youd be sitting on a 56 loss today,2
is atlantic capital bancshares inc acbi a good stock to buy ?,2
london underground faces bakerloo line strike this month,2
tesla shares plummet as it plans delay to model 3 deliveries in china due to coronavirus,0
$ctso 189 pre cytosorbents ctso temporarily pauses enrollment of its refresh 2aki study at the recommendati,0
$jec jacobs beats by $017 beats on revs initiates $250 mln accelerated share repurchase program offers fy20,1
$clr  continental resources still going strong  stocks business trading,1
$conn filled the gap  worth watching for a trade,2
tough road seen for lacroix,2
$slca  us silica holdings declares $002 dividend,2
kudlow says fed should take bolder action on interest rates,2
hallmark pulls wedding ads featuring two brides kissing,2
baird likes drug wholesalers in premarket analyst action,1
americans are taking a long time to get married,2
spotify double downgrade reflects prospect of slower revenue growth,0
hedge funds are selling franks international nv fi,0
should you be tempted to sell ecolab inc nyseecl because of its pe ratio?,2
$sdrl  seadrill another debt restructuring in the making but dont bet on bankruptcy this time read more and si,0
china fears are still propelling gold demand  stockmarket economy markets,1
we urge people to cut ties with the violence says democratic alliances chow,2
eagle materials declares quarterly dividend,2
since we rallied today due to the virus slowing down in key states ny will the cuomo pressers be marketmoving events?,1
equinor misses on revenue,0
nmc health plc lonnmc has recent earnings growth beaten longterm trend?,2
what ceo tidjane thiams resignation means for credit suisse,2
amd launches 7nm gpu for workstations shares 4,1
kohls declares $067 dividend,2
vivus up 8 premarket on positive qsymia effect in bingeeating disorder,1
ebay shares jump 3 premarket,1
lvmh targets affluent tourists with paris department store revamp,2
dow futures up 73 points or 03 sp 500 futures rise 8 points or 02,1
$mlnx  mellanox cash in on a 6 spread  economy trading stocks,2
corbus pharma down 13 premarket after pricing equity offering,0
heres why centrex metals asxcxm must use its cash wisely,2
swiss currency javids ambitions china cuts tariffs eco day,2
heres why this video showing hours and hours of male customers having sex with masseuses inside a south florida ma,2
barings corporate investors declares $030 dividend,2
paschi misses fullyear income target may cut costs more,0
trump calls hong kong protests complicating factor in trade talks  update economy marketscreener,2
a psychologist shares the 5 phrases parents should never say to their kids via cnbcmakeit,2
ge taps maersks carolina dybeck happe as new cfo,2
us department of justice sides with global music rights,2
fintech company billcom surges more than 60 in market debut,1
tesla remotely removed autopilot from a users car without telling them report,2
did tcf financials chemical merger spark a positive reaction for investors?,2
uk regulator names shames and imposes 19m fine on closet index manager continue reading,0
$xom $hes $ceo  guyana aims for agreement with exxon on pricing before first oil export,2
lenders homebuyers approve nbccs bid for jaypee infra,2
the green organic dutchman declares $417 million senior secured credit facility,2
vecima reports q2 fiscal 2020 results,2
quanterix maintained as outperform with $35 price target at leerink,1
after growing 16 in 2 years why did lowes number of stores decrease?,0
barrons on marketwatch what we all need to know about schwabameritrade deal,2
goldman sachs tells clients it is time to buy gold,1
mexico official complains about 3way trade deal in tweetstorm,2
core gold temporarily suspends operations at dynasty goldfield,2
wall street bounces back from a steep selloff heres what to expect next via tradingnation,1
western union selects aws as preferred cloud,2
a modern president?  capecoraldailybreezecom  news sports community info  cape coral daily breeze,2
microsoft  amazon files lawsuit contesting pentagons $10 billion cloud contract to micro microsoft stock,2
$comdx metals settlement prices,2
the worlds mostwatched youtube channel is from india this is tseries,2
japans friendship ties programs jenesys 2019 asean inbound program 23rd batch,2
viacomcbs named former nbcuniversal executive george cheeks to lead cbss broadcasting properties,2
mass layoffs push canada consumer confidence to alltime low,0
amazon selects sony television executive to take over prime studios,2
expert there are people at the top who are making a lot of money but most people are going to work at jobs that are lowwage lowhour,2
$brbw  brunswick bancorp reports q4 results,2
pennmac financial rises to record as piper gets more bullish,1
ypf sociedad anonima ypf hedge funds are snapping up,1
ado properties sa changes in the board of directors composition and change in the posit adoproperties stock,2
how is salesforce $crm putting its tableau and mulesoft acquisitions to work? df19,2
fed nominee shelton gets bipartisan grilling in senate,2
australia central bank pumps liquidity proposes bond buys to ease financial conditions,2
in  160 $nymt on news 6000 shares stock fell 80 and now can run big,1
$pol  polyone declares $02025 dividend,2
twtr znga among premarket gainers,1
$amen  amen properties reports q3 results,2
coty to take a 51 stake in kylie cosmetics for $600 million,2
david rolfe adds 2 tech stocks to portfolio in 3rd quarter,2
$tco taubman centers beats by $007 beats on revs  co to be acquired by simon property spg for $5250share i,1
needhams martin defends her prediction that netflix subscriptions will fall,0
heres why i think microsoft is a better buy than amazon,2
honda motor eps misses by 1043 beats on revenue,2
$gec  great elm capital group inc gec ceo peter reed on q2 2020 results  earnings call transcript,2
$ard  ardagh group prices $500m senior secured notes due 2025,2
$lk calls blackboxteam,2
one of the topperforming beauty stocks could surge after kylie jenner makeover  cnbc,2
advantego reports q3 results,2
french luxury goods owner lvmh has agreed to buy us jeweler tiffany for $162 billion in its biggest acquisition,2
blue collar boom? college grads baby boomers big winners in trumps economy,2
trumps farmer base will make more money thanks to trade deal,1
bjs wholesale q3 samestore sales up 11 factset consensus up 20,1
airbus racks up strong january orders,1
the 1960s sexual revolution may have played a role in the cancers rise a researcher said,2
edited transcript of mms earnings conference call or presentation 19nov19 200pm gmt,2
jobs heatmap,2
elastic 37 as canaccord turns bullish,1
bank of queensland  trading halt bankofqueensland stock marketscreener,2
transat reports q4 results,2
flir systems to release fourth quarter and full year 2019 financial results on thursday february 27 2020,2
a quarter of americans are making a big mistake this holiday season,2
vf corporation provides update on business impact of coronavirus in china,2
japan tobacco reports fy results,2
healthy diets are out of reach for millions of people nutritionsmart agriculture makes healthy foods more afford,2
us gasoline crashes to 50c  lowest since 2001  amid unprecedented demand collapse,0
why the 2008 bear market didnt debunk leveraged etfs get more updates here  investing markets business,2
oil lower but trims early loss as report on china trade talks sparks fresh hope,1
puxin reports q3 results,2
deutsche bank wins capital group backing sparking share rally,1
$krtx  karuna therapeutics fundraising makes for buying opportunity continue reading  markets business economy,1
chinas electric car sales slump squeezing automakers,0
look antigovernment protesters burn tires to block roads in basra as demonstrations against poor services and sh,2
us housing starts climb 38 in october,1
canadian banks have succulent yields  economy business trading,2
brazil caps recordbreaking easing cycle with final rate cut,2
panoro energy asa reports q3 results,2
brazils vale loses spot as worlds top iron ore producer to rio tinto,0
large migration flows from venezuela are expected to place immediate pressures on fiscal spending and labor market,2
zoom shares get whacked over privacy concerns economy marketscreener,0
3 top stocks under $20,2
canopy growth obtains health canada license for beverage facility now has all cannabis 20 licenses,1
the bottom line among the wall streetchicago mercantile exchange crowd is that trump is a disgrace but warren is a,2
3 top growth stocks to buy in february,2
did the feds qeternity just kill a fiscal stimulus deal?,2
$tsla $dis $amzn all gapping up nice for my calls,1
at the open 2102020,2
want to do better at work? this 1 thing might really help,2
avoid these 3 mutual fund misfires  february 06 2020,2
what does new jersey resources corporations nysenjr pe ratio tell you?,2
boeings embattled max gets key win in first postgrounding deal,2
alpha dog putin shows meeker side with erdogan,2
abbott labs raises quarterly dividend by 125 to 36 cents a share,1
does brainstorm cell therapeutics inc nasdaqbcli have a high beta?,2
sp 500 dow and nasdaq all turn positive,1
shutterstock names jarrod yahes as cfo,2
$eltp  elite pharmaceuticals reports q3 results,2
oncosec medical down 13 despite positive tova data in tnbc,0
its the most wonderful time of year for porch pirates  and sarahhalzack has a plan for how to stop them,2
european diplomats have a message for donald trump bullying tactics wont win support for your iran policy,2
results kla corporation beat earnings expectations and analysts now have new forecasts,1
united states district court sides again with park assist on motion of patent infringement case,2
schwab aims for more than survival with $26bn ameritrade deal,2
aveo  schemes  final election results aveo stock marketscreener,2
igl strategic acquisition of salmat marketing solutions salmat stock marketscreener,2
bloomberg businessweek  week of 121319,2
french regulator ends probe into supermarket casino and shortseller muddy waters,1
as pete buttigieg tries to attract the support of black voters joe bidens campaign touted the endorsement friday,2
here is what hedge funds think about imperial oil limited imo,2
qualcomm faces eu probe into smartphone technology,0
cdc says repatriated americans are under federal quarantine,2
$uso $oil $uco  crude inventory unexpectedly rise,0
britains aston martin talking to investors as reviews funding,2
$lmnx 108 pre luminex corporation prerelease of 1st quarter revenue  pt,1
hyperinflation or stagnation which is worse? ask latin america,2
trading in china etfs soars as trump upends tariff optimism,2
us crypto firms will soon have another banking option,2
new york times sees q1 subscription revenue up in midsingle digits,1
yellen says the fed doesnt need to buy equities now but congress should reconsider allowing it,2
the week ahead in biotech avadel epizyme in focus in a quiet week,2
ebay selling stubhub to viagogo for $4 billionplus,2
$wpg $wpgph $wpgpi  why washington prime group should cut its dividend get more info on seeking alpha,2
disney accounts are getting hacked sold for $3 rpt,0
feds kaplan sees risks to outlook as fairly balanced,2
eurozone manufacturing recession although not the eurozone as a whole  markets economy finance,0
do hedge funds love globalstar inc gsat?,2
gds holdings limited just released its thirdquarter earnings heres what analysts think,2
around 76000 people were injured in the us between 19982017 because of cell phonerelated injuries,2
the best and worst airlines and airports of 2019,2
does diamondrock hospitality company nysedrh have a volatile share price?,2
anexinet further expands executive team with vp of partner strategy robert sheinker,2
bjs wholesale q3 total revenue $332 bln vs $322 bln a year ago factset consensus $330 bln,1
"the uks womens equality party says politicians are letting them down ahead of generalelection2019

we spoke t",2
blackrock  energy and resources income trust plc  net asset values blackrock stock marketscreener,2
analysis popeyes chicken sandwich translates to surge in foot traffic,1
the threat of a new transatlantic trade war over a tech tax is diminishing after 137 countries agreed to continue n,2
$mnta  momenta pharma launches $200m stock offering,2
twitter tops expectations with first $1 billion quarterly revenue but outlook lags,1
oil majors go on $27 billion selling spree,2
bloomberg daybreak feb 6 2020  hour 1 radio,2
eu governments ratchet up demands ahead of contentious talks about the blocs postbrexit relationship with the uk,2
fx strategists arent expecting a repeat of the loonies outperformance in 2020 casting doubt on its run as one of,0
$amkr  amkor technology eps beats by $018 beats on revenue,1
$scanx gapping up,1
planes will be packed this holiday season as the grounding of boeings 737 max continues,2
edited transcript of esito earnings conference call or presentation 12nov19 900pm gmt,2
the target for the overnight interbank funding rate is decreased by 25 basis points stock marketscreener,2
athenex shares fall 19 in morning trading,0
heres why americans will probably spend more than $2 billion on christmas trees this year,1
aramco ipo its a thanks but no thanks from malaysias petronas economy marketscreener,2
endologix announces preliminary financial results and conference call for fourth quarter and fullyear 2019,2
$iivi  iivi 78 after downside q3 outlook,0
wholesale trade,2
feds corporate credit measures to limit buybacks dividend,0
diffusion pharma up 23 after hours on positive tsc data,1
its a good time to buy property in london says christies,2
$aytu 13 pre aytu bioscience receives $230 million from warrant exercises  si,0
europes richest man is spending $1 billion on a department store in paris,2
us treasury lifts iran sanctions on dalian unit of chinese shipper cosco economy marketscreener,2
uschina trade deal totally done will expand us exports lighthizer,2
lexinfintech 33 after loan origination view improves,1
firsttime us jobless claims drop to 202000,1
boeing deliveries halved in first eleven months of 2019,0
$hnhaf $hnhpd $aapl  trendforce cuts iphone estimate after foxconn delay,0
honda raises profit forecast sticks to wuhan plant closure schedule,1
airbnb business outside us china had $46 million profit in 2018,1
amazon files suit protesting microsofts jedi cloud contract with pentagon,0
$omcl omnicell highlights strategic priorities and longterm financial targets at investor  analyst day,2
protests against indias citizenship law turn violent in delhi,0
walmarts jet is ending its freshfood delivery business just a year after introducing the service in new york city,0
eagles going to be running 4 te sets lol,2
modern monetary theory its an unconventional economic theory made popular by progressive politicians alexandria o,2
luke edward halls thoughtful presents for interiors lovers,2
tailing mediocre 10y auction prices at lowest yield on record,2
trump proposes selling 15 million barrels from us oil reserve,2
asia petrochemical monthly price watch report 2019,2
$jci  johnson controls international plc 2019 q4  results  earnings call presentation,2
karuna therapeutics cautiously optimistic about schizophrenia drug results in next trial ceo,1
cymabay therapeutics shares down 77 premarket after resuming trade following halt,0
tory win will encourage uk houseprice gains rightmove says,2
pjt partners declares $005 dividend,2
energy up ahead of exxon earnings  energy roundup economy marketscreener,1
considering a 5 cashback credit card? cnbcselect breaks down how to maximize your rewards and three of the most,2
world wrestling entertainment eps beats by $007 misses on revenue,2
the center of the us economy is in rural missouri,2
stock market update asia closes mixed europe trades lower,2
latrobe magnesium  community briefing for latrobe valley magnesium plant latrobemagnesium stock marketscreener,2
$comdx energy settlement prices,2
$jec  jacobs engineering group inc 2019 q4  results  earnings call presentation sign up for updates on seeking,2
33 genius travel hacks to upgrade your holiday trips,2
$bimi only the break of this large trading range will send the stock to higher levels no position,2
federal reit declares $105 dividend,2
opec will adjust its output target and redistribute production cuts between its members under pressure from saudi,2
what does britain want from trade deal with united states?,2
$blrx  biolinerx up big ahead of key data readout,1
hedge funds are buying stocks exposed to uschina trade on hopes for a deal,1
broadridge acquires clearstructure financial technology,2
london stock exchange  notice regarding contemplated redemption of notes londonstockexchange stock,2
newspaper fights warner bros richard jewell over depiction of reporter trading sex for a scoop,0
$cgc  canopy growth falling apart during leadership void get more info on seeking alpha,0
$pvg  pretium resources q4 2019 earnings preview,2
ray dalio isnt disputing the investment that wsj reported but he is definitely taking issue with the wsj headl,2
$wires on the wires,2
bquick on feb 6 top 10 stories in under 10 minutes,2
uber stock price target raised to $54 from $50 at deutsche bank,1
eu countries back tough line on 5g suppliers in potential blow to huawei,2
stocks could rocket higher from here history shows morning brief  by samro,1
eia forecasts us shale oil output to climb by 49000 barrels a day in december,0
december 2019 stock watch list continue reading  investing stockmarket markets,2
make $125000 in 2019? heres how much income tax you could pay,2
uk in final stages of choosing next bank of england governor,2
softbank to go ahead with wework stock tender offer this week economy marketscreener,2
robintheblack  great to read your son is better,2
berry petroleum downgraded to market perform from outperform at bmo capital,0
correct tapestry q2 coach sales up 2 to $127 bln factset consensus $126 bln,1
ford shakes up top management promises faster turnaround,2
the fed is going to buy etfs what does it mean?,2
edited transcript of lee earnings conference call or presentation 12dec19 300pm gmt,2
$tsla  teslas new pickup is ugly sell also weekend rally pattern holding but weakly get more updates here,0
hedge funds have never been this bullish on fastly inc fsly,1
jumanji sequel with dwayne johnson kevin hart tops box office,2
no date set for uschina phase two talks lighthizer says,2
$rcl  royal caribbean cruises fleet expansion driving growth follow this and any other stock on seeking alpha!,1
$mjarf  mjardin group reports q3 results,2
starbucks stock is a buy according to this investment bank,1
hecla mining eps misses by $003 beats on revenue,2
deutsche bank plans bigger bonuses at asset management division,1
boeing to suspend 737 max production in january,0
cfnai falls sharply in october,0
unemployment could already be at 1213 and secondquarter gdp could decline by at least 30 former fed chair jan,0
$phr  phreesia inc phr ceo chaim indig on q3 2020 results  earnings call transcript get more updates here,2
air pollution is affecting australias east coast because of the smoke coming from the nswfires bushfires,2
micromega  sebata  empowerment transaction micromega stock marketscreener,2
wynn resorts confident on postvirus recovery,1
us total weekly active drillingrig count unchanged at 790 baker hughes,2
stock market update futures gain on back of bullish momentum,1
autonation q4 2019 earnings preview,2
the global travel slump could cost 25 million jobs worldwide according to airtravel trade association iata more,0
"it was a great opportunity to say thank you to the president

australias pm scott morrison comments on his call",2
thanks to wmmorrowbooks for making my book todays special!,2
$itrn  ituran location declares $024 dividend,2
stock market update wti crude falls back below $50 per barrel,0
this ultrahighyield stocks numbers are better than they look,2
fade the rip bofa warns bear market far from over unless we escape a recession,0
amazon to open chinese store as us consumer fades into darkness,2
unilever sees lipton as still attractive,1
$myo $yten  bhvn je among premarket losers,0
$mrln  marlin business services 33 post q4 results,0
weebit nano  leti test results show efficiency improvements weebitnano stock marketscreener,2
hancock capital collects $380m for sixth mezzanine fund to follow debut coinvest vehicle close,2
old mutual  starts 2020 with two new senior appointments oldmutual stock marketscreener,2
the trump administration is changing a key exemption to americas traderemedy laws to make it easier to penalize s,2
why nio hasnt fallen totally off the cliff,1
the us treasury department sets the stage for 20year bond reboot to start in may,2
hedge funds are selling covanta holding corporation cva,0
brighthouse financial eps beats by $027 beats on revenue,1
macerich ffo inline beats on revenue,1
$chfs big buyers here might bounce before the close,1
ralph lauren corporation declares quarterly dividend,2
permrock royalty trust declares $00373 dividend,2
update 1flydubai chairman says could still buy airbus a320s to replace max jets,2
trucking company xpo logistics stock rises after earnings cfo appointment,1
demonstrator contract for francogerman fighter jet project expected by jan,2
global shares gain oil rises but caution lingers on uschina deal,1
imagine owning hersha hospitality trust nyseht while the price tanked 51,2
suncor energy declares cad 0465 dividend,2
important note about this performance  sean entered the contest late and didnt start trading until almost have th,2
scandinavian tobacco group as earnings missed analyst estimates heres what analysts are forecasting now,0
sp nasdaq reach new closing highs on 3rd day of rally,1
expat chinese workers scouring foreign pharmacies for masks,2
chuys holdings to trim underperforming stores,2
amazon com  seeks to depose trump esper in lawsuit over cloud computing contract amazoncom stock,2
transnet outlines plans for cheaper coal to eskom,2
germanys ruling christian democrats call for restrictions on huawei participating in countrys 5g network,2
hedge funds have never been this bullish on trecora resources trec,1
simons highpremium buyout of taubman may not be as pricey as it looks,2
why biogen shares soared today,1
whos watching our behavior and what are they doing with this information? edmundlee and robotodd explain,2
communications services up on rotation into cyclical sectors  communications services roundup economy,1
oil prices fall but hold near threemonth high on trade deal agreement,0
in this booming economy 90 of americans say money increases stress levels,2
audusd nzdusd usdcny  pacific currencies trading sideways,2
middlefield banc declares $015 dividend,2
jerome powell told lawmakers tuesday that the fed will never declare victory on one of its mandates full employment,2
as uber grubhub and postmates battle over cities doordash is thriving in the suburbs,1
$cern hits marketsmith scan as rises out of cup and handle with a target to 79 ibdpartner investorsbusinessdaily,1
the author of this opinion piece retired at age 44 so you should probably listen to him,2
first bancorp increases dividend boosts stock buyback program,1
china recycling completes warrant exchange offer,2
billionaire investor bill ackman trims stake in chipotle but is still betting big on burritos with 5 stake,2
at the end of october housing inventory nationwide fell to a 39 month supply according to nar a healthy market,1
kylie jenner is keeping up with the billionaires,2
federal reserve shows specifically how much uncertainty has hurt the stock market,2
strong economic data nudge stocks higher,1
pge reportedly nears $17 billion california wildfires settlement,1
ebay sells stubhub to ticket marketplace viagogo for $405 billion in cash,2
felix rohatyn banker who helped rescue new york dies at 91,2
public joint stock company gazprom neft reports q3 results,2
why shares of ups fell in january,0
netflix downgraded to underperform at needham,0
treasury yields hold rise after housing starts,0
nasdaq100 futures gain 28 points or 03,1
$repyf  repsols excellent opportunity to buy in to cops alaska development get more info on seeking alpha,1
the 10 topselling marijuana states in 2019,2
saudi arabia to block return of expats who travel to china,2
sp 500 coasts into thanksgiving week follow this and any other stock on seeking alpha!  finance markets trading,1
nokia results beat provides some relief to tested investors,1
$cbay cymabay therapeutics halts clinical development of seladelpar based on initial histological findings observe,0
broader issues remain from the trade war with china to weakness in manufacturing and there are fewer people left,0
there are democrats that can win 2020 election billionaire trumpally tom barrack says,2
stocks making the biggest moves midday home depot kohls macys and roku,2
banks settle fannie freddie bondrigging suit for $337m,1
onewater marine prices ipo at bottom of recently lowered range,2
ford confirmed its new electric suv will be called the mustang mache ahead of a debut event in los angeles more d,2
who pushes countries to share more patient details to combat coronavirus,2
stoneco allayed some investor concerns over competition with solid growth,1
$prty  investors nibble at party city,2
former ecuadorian president rafael correa goes on trial on charges of campaign finance fraud and accepting millions,2
pdd urbn among premarket losers,0
exelon  initial statement of beneficial ownership exelon stock marketscreener,2
dow turns negative after exploring record heights at opening bell,0
what to watch today dow to rise merger mondays big deals and bloomberg enters 2020 race,2
the equity rally thats built on hopes for a growth rebound wont last as the us economy is heading for a mild recession,0
merriamwebster announced they as its word of the year searches for the term increased by 313 in 2019,2
3 etfs to consider as fed is on mortgage bond buying spree,2
a booming corner of private credit has some investors on edge,0
americans arent having as much sex or as many children as they used to that could be a  serious economic problem,0
here are the biggest analyst calls of the day johnson  johnson canopy growth intelsat  more,2
how does consort medicals loncsrt pe compare to its industry after its big share price gain?,2
what to watch in the markets week of december 16,2
edited transcript of ntrto earnings conference call or presentation 5nov19 300pm gmt,2
"no water no water how could you have no water?

84yearold max atkins tells how he fought to save his home in",2
lovesac eps misses by $004 misses on revenue,0
sgs  helps uruguay customs detect major drug smuggling operation sgs stock marketscreener,2
grain futures rise on uschina trade hopes  stock marketscreener,1
health care down as hopes for rapid coronavirus cure fade  health care roundup economy marketscreener,0
auto suppliers rally on tariff relief hopes,2
greenhouse gas emissions in the us are forecast to decline by a whopping 75 this year,2
no dates set for argentine debt talks imf spokesman says,2
penn national gaming reports fourth quarter revenues of $134 billion net loss of $929 million adjusted ebitda of $3040 million and adjusted ebitdar of $3994 million,2
what to expect in fedex 2q 2020 results,2
$gbtkf  globetronics shortterm pain longterm gain get more info on seeking alpha,2
the good business portfolio 2019 3rd quarter earnings and performance review read more,2
discount brokers rise on schwabtd ameritrade deal interactivebrokers stock marketscreener,1
enbridge upgraded to buy from neutral at ubs price target lifted to c$54 from c$50,1
chinas specialpurpose bonds fall short of beijings ambitions,2
evolent down 6 on loss of key contract in ny,0
will medicines co be the next target of novartis?,2
$ddf $lgi  equity cefs the insanity of cef investors get more info on seeking alpha,2
the world is getting windier and it could mean a big boost for alternative energy,1
marcus  millichap inc to report fourth quarter 2019 financial results on thursday february 20 2020,2
star wars director jj abrams on how a rise of skywalker script ended up on ebay,2
minsheng education  i capital investment of 51 equity interest in wenda electronics wh minshengeducation,2
rrd partners with microsoft store to boost instore marketing efforts,2
hedge funds are dumping entravision communication corporation evc,0
lyondellbasell sock price target raised to $107 vs $99 at bofa merrill lynch,1
wetherspoons plan to create 10000 jobs met with scepticism,1
$coup  coupa dont buy into expensive valuation amid decelerating growth follow this and any other stock on seek,0
$bondx overnight treasury market summary,2
royal caribbean downgraded to sell from buy at cfra,0
japan edges closer to ratifying trumps phase one trade deal,1
stock market update weekly jobless claims drop below consensus,1
3 top dividend stocks to buy in february,2
space weather threatens businesses,2
highlight weve see again and again that tesla cant live up to elon musks promises newconstructs investment,0
lti utkar strategiskt partnerskap med okq8 scandinavia,2
investors are shrugging off weak data and trade snags that would have roiled markets just months ago,1
investors become richer by rs 181 lakh crore as stocks zoom,2
softbankbacked paytm raises $1 billion in fresh funding,2
something monopoly something,2
brookfield office properties  black knights first look at october 2019 mortgage data,2
incyte nasdaqincy has a rock solid balance sheet,1
vaping is taking us backward cvs health ceo larry merlo says something has to be done,0
boris brexit pledge is gift for 2020 markets ashworth radio,2
patrick industries outlines succession plan,2
cboe global markets eps beats by $008 beats on revenue,1
cytomx 37 as guggenheim starts at buy,1
macys q3 adj eps 7 cents factset consensus breakeven,1
americans outlook on the economy faltered significantly last month as the coronavirus crisis began to take hold in,0
highlight people tend to freak out this time of year because houses have been on the market long or theres not,2
northrop grumman  to advance integrated air and missile defense battle command system northropgrumman stock,2
ericsson pulls out of biggest mobile event due to virus,2
new york times board raises quarterly dividend to 6 cents a share vs 5 cents,1
euronext six battle for spains bourse,2
brazils president jair bolsonaro described activist greta thunberg as a brat in his latest attack on celebrity e,2
ducrozet lagarde marginally more hawkish than draghi,2
bristolmyers earnings rise due to celgene deal,1
is hollysys automation technologies ltd holi a good stock to buy?,2
$aspu  aspen eps beats by $004 beats on revenue,1
eurusd weekly price forecast  euro slams into major resistance,0
snackfact of the day robinhoodsnacks won best business podcast 2019 from discoverpods awards this has got to,2
this cnbcclassic comp reel from the 1990s features the late cnbc anchor mark haines mark was part of cnbc for 22,2
nasdaq  quarterly statistical bulletin vol 8 no 2 june 2019  contents and narratives nasdaq stock,2
dropbox on watch after stinging spruce point report,0
$rinf $ivol  feds daly discusses shifting focus to higher inflation,2
$mcd  mcdonalds settles class action lawsuit,1
why shake shack stock gained 13 in january,1
adnan syed will not get new trial as supreme court rejects serial case,2
altria to host webcast from the consumer analyst group of new york conference,2
futures back off after fourday rally ahead of crucial jobs report,0
edited transcript of fcrto earnings conference call or presentation 6nov19 700pm gmt,2
research by the american bar association reveals that women now represent just over 22 of all partners and 19 of,2
hedge funds have never been this bullish on cedar fair lp fun,1
an intrinsic calculation for american airlines group inc nasdaqaal suggests its 45 undervalued,2
usda weekly byproduct value hog report  nov 22 matprem marketscreener,2
before you sign up for disney this calculator adds up the true cost of your streaming services,2
$txrh  texas roadhouse declares $030 dividend,2
$cpri name got incredibly cheap few months ago,2
$rgen  repligen rgen investor presentation  slideshow get more updates here  markets stocks investing,2
$enb $enb $cve  enbridge says mainline plan opponents stalling for time,2
just published front page of the financial times international edition saturday november 23,2
franklin limited duration income trust declares $00839 dividend,2
gun control groups hide behind bogus police thinktank to disarm americans,2
boeing scraps for deals at dubai air show,2
this is the lefts plan to slip voteswaying news into your facebook feed  via bw,2
tom brady is struggling  is it time for him to revisit that wall street gig?,2
midafternoon market update nasdaq rises over 2 myomo shares spike higher,1
heres what its like to live on the 123rd floor of the worlds tallest condo,2
azrieli group adr reports q3 results,2
federal reserve system publishes annual financial statements,2
the most compelling political images of the week,2
president donald trump assumes economic growth above 3 this year in his annual budget proposal exceeding mainstre,2
news highlights  top energy news of the day wti stock marketscreener,2
how does enterprise bancorp inc nasdaqebtc fare as a dividend stock?,2
trump attacked boris johnson over huawei in heated phone call,2
paulson drops opposition to calloncarrizo merger,2
at the open 272020,2
google workers rising up after employees are fired,2
foot traffic at us malls is on the rise as the thanksgiving holiday approaches,1
amazon could be forced to spin off aws oppenheimer says,0
chinas rate cut also an insurance policy as hong kong crisis worsens,2
halliburton layoffs driven by stark reality of energy pricing cfo says,2
boris johnson postpones plans to cut corporate taxes,2
loreal ceo says coronavirus will hamper sales in coming weeks,0
yum brands q4 revenue $169 bln vs $156 bln factset consensus $181 bln,1
fda oks zogenixs fintepla for dravet syndrome,1
eurozone banks returns were already hurting before covid19 ecb says,0
listen now the holiday week begins with some $60 billion in formally announced ma involving lvmh charles schwab,2
can we see significant insider ownership on the elmos semiconductor ag etrelg share register?,2
do hedge funds love eplus inc plus?,2
$utx  united techs collins to expand landing systems operations,2
adocia announces its financial calendar for 2020,2
what kind of shareholder appears on the autolus therapeutics plcs nasdaqautl shareholder register?,2
disney streaming boss kevin mayer app architecture to blame for disney plus stumbles  nasdaq,2
the trump administration announced a plan wednesday to end foodstamp benefits for about 700000 americans,2
apple contractor tells employees to stay home as coronavirus cases nearly triple,2
$clr continental resources announces suspension of quarterly dividend global crude oil and product demand is,0
dow futures gain 129 points or 04 sp 500 rise 13 points or 04,1
april gold falls 03 at $156560oz,0
hudsons bay investor group said to consider shelving takeover,2
amazon cites speed in cutting off fedex ground for holiday shipping,2
coldplay says they wont be touring their new album everydaylife which drops tomorrow is climate change to bl,2
the latest eastern european politician to face accusations of plagiarism is the serbian finance minister,2
at herms a $67 lipstick could hint at big ambitions,2
$oyst cowen starts at outperform,1
with the shackles of opecs output limits thrown off and a price war under way the groups biggest oil producers a,2
stocks give up gains experts weigh in on the state of the market via tradingnation,0
lt ideaforge sign pact for unmanned systems,2
just in $tsla lol,2
msc confirms soren toft will become chief executive officer,2
sterling rallies as tories unite behind brexit plan,1
ultra clean downgraded to hold from buy at stifel nicolaus,0
notable insider buys in the past week enterprise products partners pbf energy sage therapeutics,2
goldmans baby bear market hides a mundane call on bonds,2
$csbb  csb bancorp declares $028 dividend,2
$klbay  klabin sa klbay ceo cristiano teixeira on q4 2019 results  earnings call transcript,2
us jobs top estimates with 225000 gain wages accelerate,1
us stocks open lower,0
huawei gets 90day extension for doing business with us companies,2
mcdonalds settles class action lawsuit,1
german spd backs demands for talks to stay in merkel coalition,2
soci adds localized marketing pioneer chad jordan to the team,2
how the usmca affects us steelmakers and auto manufacturers,2
kemet eps beats by $010 beats on revenue,1
gold prices slip after hitting morethan6year high,0
st louis fed president jim bullard recommends declaring a  national pandemic adjustment period and discusses thre,2
the bestperforming cefs ytd  november 2019 get more info on seeking alpha  markets business trading,2
the growth of private debt markets,2
$lvmhf $lvmuy  lvmh well equipped to weather covid19 downturn  finance trading markets,1
eurusd midsession technical analysis for november 18 2019,2
forescout downgraded to neutral from buy at monness crespi hardt,0
new opcw leak further vindicates skeptics of establishment syria narrative,2
hp downgraded at argus as drilling industry weakness seen persisting,0
amazon invests over rs 2500 crore into amazon seller services amazon data services india,2
$titn  titan machinery amends and restates credit agreement,2
estee lauder stock price target raised to $238 from $202 at raymond james,1
ringcentral  q4 2019 earnings presentation ringcentral stock marketscreener,2
wall street slips from record highs at open after jobs report,0
$gm deutsche bank cuts to hold,0
natural gas futures tumble 5 and are poised to close at a nearly 4year low,0
$dex  delaware enhanced global dividend  income fund cuts dividend by 7,0
$lulu  market expects good earnings for lululemon keep reading  economy stockmarket investing,1
tinyclues announces major growth in 2019,1
dunkin teams with beyond meat ambassador snoop dogg for clothing line,2
$bmy  bristolmyers squibb prescribed for the newborn portfolio keep reading  investing markets stocks,2
$scanx todays biggest  gainerslosers,2
$plt plantronics names robert hagerty interim ceo effective immediately,2
bquick on nov 25 top 10 stories in under 10 minutes,2
edited transcript of slfto earnings conference call or presentation 7nov19 300pm gmt,2
edited transcript of hi earnings conference call or presentation 14nov19 100pm gmt,2
two top boe officials suggested that the uk financial systems rules may have to diverge from the eus after brexit,2
security federal corporation completes private placement of $30 million of subordinated notes,2
$ugi  ugi declares $0325 dividend,2
falconstor software reports q3 results,2
"i say lets go carbonneutral by 2050 and corbynneutral by christmas

boris johnson touted clean energy propos",2
tobacco exports from tanzaniaa key crop and source of foreign exchangecould drop as much as 20 this year because,0
satellite stock intelsat drops 40 after fcc 5g decision,0
$mtls  piper hits the materialise sidelines,0
the federal reserve assured the nation that the central bank has an essentially limitless ability to provide liquid,2
innodisk group strengthens aiot vision with sysinno acquisition,2
labour sets out advanced worlds harshest corporate tax regime,2
bmos belski humbled after nailing forecast for canada stocks,2
billionaire ray dalio pushed back against a wall street journal article saying his hedge fund doesnt have a net b,2
$amzn 04 pre amazon files lawsuit contesting pentagons $10 billion cloud contract to microsoft $msft  reuter,0
hedge funds have never been this bullish on osisko gold royalties ltd or,1
taco bell wants you to take its tacos stick them in a blender and serve them as bisque on thanksgiving,2
sappi  joins cepi in the 4evergreen alliance to boost the contribution of fibrebased pac sappi stock,2
general announcementappointment of independent financial adviser singaporeexchange stock marketscreener,2
tata steel plans to cut up to 3000 european jobs,2
european car sales up 86 in oct driven by vw rebound  acea,1
how to find cheap buyranked stocks trading under $10  nasdaq,2
why fiverr stock rose 11 in january,1
medicines co shares jump 17 in premarket after report of potential novartis offer,1
a look at the intrinsic value of the lgl group inc nysemktlgl,2
prices for key food staples are starting to soar in some parts of the world,0
oil stocks what i got right and wrong about the oil market in 2019,2
tracking jeffrey ubbens valueact portfolio  q3 2019 update subscribe to seeking alpha for more,2
itau unibanco reports q4 results,2
edited transcript of glog earnings conference call or presentation 6feb20 130pm gmt,2
edited transcript of lxp earnings conference call or presentation 6nov19 130pm gmt,2
investors who bought globalscape nysemktgsb shares five years ago are now up 302,1
estimating the intrinsic value of polaris inc nysepii,2
wall street ends near flat after us china announce trade deal,2
biden is endorsed by nevada congresswoman titus campaign update,2
walmart announced that it plans to open 500 new stores in china over the next five to seven years that would more,1
merger arbitrage analysis and spread performance  april 5 2020  business investing trading,2
the feds foray into corporate bonds and certain credit etfs helping restore order between the two markets,2
trade alert  crude oil downside read more  investing stockmarket trading,0
total sa declares eur 068 final dividend,2
tachyum ceo dr radoslav danilak discusses bringing slovakia to the forefront of the digital age at ceo forum,2
social media firms face new uk regulator in planned crackdown,2
dlh holdings reports weak margins for q4,0
did hedge funds drop the ball on editas medicine inc edit ?,2
start by doing whats necessary then do whats possible and suddenly you are doing the impossible said christi,2
have you ever had a job candidate disappear on you? ghosting is becoming more common in the workplace heres why i,2
stock market update ebay shares rise on takeover report,1
3 topranked real estate mutual funds to buy today,2
tesla stock is wrapping up its best month since 2013 adding $40 billion in value in january,1
us lng producers fear more price drops as they await china buys under phase 1 deal,0
doj charges 4 chinese military hackers in equifax breach  freezerohedge,2
$sncaf  snclavalin selects bell as new cfo,2
japan recession risks prompt forecasts of 2020 contraction,0
sp 500 etf spy hits new 52week high,1
the imf is providing emergency financial assistance to member countries facing the economic impact of the covid19,2
rapid7 eps beats by $004 beats on revenue,1
housing starts,2
oaktree specialty lending nav treads water in q4,2
some japanese companies are enforcing a no glasses rule for women employees why? read more on business,2
in this cnbcclassic clip jeff bezos explained his ambitious vision for amazon in a 1999 interview theres no gu,2
feds mester says she opposed recent series of rate cuts but called it a close call,2
$nvta 54 pre invitae announces exercise in full of underwriters option to purchase additional shares of commo,1
americans top 3 financial resolutions for 2020 all hinge on doing this 1 thing,2
lloyds banking  value of uk exports to noneu countries rises in 2019 lloydsbanking economy marketscreener,1
the federal reserve is signaling it will do whatever it takes to save the coronavirusravaged american economy from,2
a little less trade uncertainty as 2019 winds down economy week,1
most north sea oil output in the money but decom bill looms  woodmac,2
toyota in growth mode defies slowdown in global vehicle demand,1
heres alibaba founder jack mas advice for jobhopping millennials,2
arcelormittal more optimistic on steel demand outlook for 2020,1
the mother of an israeli woman imprisoned in russia on drugsmuggling charges has asked vladimir putin to pardon her,2
$mj marijuana names mostly underperforming following three straight days of relative outperformance,0
$comdx metals settlement prices,2
7 reasons your credit card may be declined  and how to resolve them,2
$bmy $xlrn  no ad com review for bristolmyers luspatercept for mds,2
who worries about shortage of protective equipment,2
vertex pharmaceuticals stock price target raised to $248 from $240 at bmo capital,1
kohls shares slide 105 in premarket trade,0
inovio on go with study of ino3107 for rare hpv disorder shares up 15,1
uk lawmaker blames hsbc standard chartered bank of baroda in south africa corruption,0
market snapshot retail pump sales of gasoline and diesel make up most of the transportation sectors energy demand,2
healthcare  top 5 gainers  losers,2
schitts creek popup shop,2
$psec  prospect capital declares $006 dividend,2
first capital declares $024 dividend,2
william barr is attacking his own department,2
what tesla taught ford  by rickjnewman,2
most consumers want vehicles that can match gaspowered vehicles in range utility cost and ownership ease writ,2
$fl  foot locker cant get much better follow this and any other stock on seeking alpha!,2
branches still pay off for canadas banks even in the app era,2
fomc dot plot indicates a long pause,2
fun fact there are about 35 million people still in creditcard debt from last years round of holiday shopping h,0
this might be a shortterm top technically speaking for the week of november 1822 continue reading,2
demand for uk office space as strong as ever says jll uk ceo,1
consider your christmas list complete,2
activision taketwo charts look constructive as wells fargo gets bullish on video game plays trader $atvi $ttwo,1
rudy giuliani sought role in ukraine bank case while he dug for dirt  bbg,2
la auto show its an suv world we just live in it suvs and even cars are now spawning ever more suvs,2
tiru coffee launches with black friday specials giving everyone the opportunity to experience coffee from its original source,2
ocean grown abalone  results of meeting oceangrownabalone stock marketscreener,2
a week in north florida on a $24960 salary,2
how a supreme court case could change how cities treat the homeless  via bw,2
saudi crown prince russias putin discuss efforts to stabilize oil markets spa economy marketscreener,2
trumps fy2021 budget proposal plans 03 rise in defense spending,2
impact silver reports q3 results,2
the number of us homeowners who have stopped making mortgage payments is surging,0
fedex pension plan will close to new hires as company bumps up 401k match,2
$amgn  partial response in amgen brain cancer study,0
china bucks global research cuts as analyst count hits record,1
ubers license will not be renewed in london over safety concerns,0
chesapeake energys stock bounces 17 premarket after plunged 14 tuesday to 25yr low,1
$wri compass point ups to buy,1
heres why collegium pharmaceutical rose as much as 207 today,1
british diplomat to us quits in tirade over brexit halftruths,2
total sa eps beats by $016 misses on revenue,2
tpgbacked newquest hits $1bn final close for asia fund iv,2
biogen inc biib climbs 294 today breaking down the root causes  find news,1
wynnchurch follows impressive $227bn fund close by hiring industry veteran bob linscott,2
$spy $dia $qqq $aapl $soxx $xrt $ulta $tnx $usdx $wti nonfarmpayrolls nonfarmprivatepayrolls avghourlyearnings,2
russian manipulators are still abusing facebook and other platforms but politics isnt the point  via bopinion,2
better buy luckin coffee or starbucks?,2
$gme  gamestop eps misses by $066 misses on revenue,0
evoqua water eps misses by $012 beats on revenue,2
galileo mining  copper  gold drilling underway at norseman prospects galileomining stock marketscreener,2
sweden says us interest in ericsson logical for 5g capability,2
uefa explores move into champions league streaming,2
lee enterprises plans quarterly call and webcast december 12 2019,2
yum brands q4 taco bell samestore sales up 4 factset consensus up 32,1
layoffs loom as canadian rail strike hits chemicals farmers,2
fed warranty will keep rates unchanged until 2021 or until there is a 5 drop in stocks whichever comes first,2
in hong kong protesters have had to create a visual culture that emerges spreads and vanishes rapidly,2
$pd  pagerduty inc pd ceo jennifer tejada on q3 2020 results  earnings call transcript get more updates here,2
president trump is facing a process which is unprecedented for its unfairness sam dewey,2
hanesbrands stock price target cut to $13 vs $16 at bofa merrill lynch,0
5 goldmining stocks still expected to surge higher and outperform in 2020,1
is att inc nyset creating value for shareholders?,2
higher real rates affect economic growth says bank of america securities,0
ford promotes one president loses the other,2
edited transcript of ne earnings conference call or presentation 31oct19 100pm gmt,2
altcoinscrypto backed by crypto dai seeks to change stablecoin game,2
